<?xml version="1.0" standalone="no"?>
<colors>
	<colorObject name="chaosCol">
		<parameters ra="50" rb="32" ga="50" gb="-10" ba="50" bb="0"/>
		<connector color="0x471D27"/>
	</colorObject>
	<colorObject name="titansCol">
		<parameters ra="50" rb="17" ga="50" gb="34" ba="50" bb="36"/>
		<connector color="0x38494B"/>
	</colorObject>
	<colorObject name="olympiansCol">
		<parameters ra="50" rb="32" ga="50" gb="13" ba="50" bb="37"/>
		<connector color="0x47344C"/>
	</colorObject>
</colors>
<family>
	<child name="Chaos" col="chaosCol">
		<info>This is where I would put information on Chaos.</info>
		<child name="Gaea" col="titansCol">
			<info>This is where I would put information on Gaea.</info>
			<child name="Uranus" col="titansCol">
				<info>This is where I would put information on Uranus.</info>
				<spouse name="Gaea" col="titansCol"/>
				<child name="Cyclope" col="chaosCol">
					<info>This is where I would put information on the Cyclope.</info>
				</child>
				<child name="Hecatonchires" col="chaosCol">
					<info>This is where I would put information on the Hecatonchires.</info>
				</child>
				<child name="Cronus" col="titansCol">
					<info>This is where I would put information on Cronus.</info>
					<spouse name="Rhea" col="titansCol"/>
						<child name="Hestia" col="olympiansCol">
							<info>This is where I would put information on Hestia.</info>
						</child>
						<child name="Hades" col="olympiansCol">
							<info>This is where I would put information on Hades.</info>
						</child>
						<child name="Poseidon" col="olympiansCol">
							<info>This is where I would put information on Poseidon.</info>
						</child>
						<child name="Zeus" col="olympiansCol">
							<info>This is where I would put information on Zeus.</info>
							<spouse name="Hera" col="olympiansCol"/>
							<child name="Athena" col="olympiansCol">
								<info>This is where I would put information on Athena.</info>
							</child>
							<child name="Ares" col="olympiansCol">
								<info>This is where I would put information on Aries.</info>
							</child>
							<child name="Hebe" col="chaosCol">
								<info>This is where I would put information on Hebe.</info>
							</child>
							<child name="Hephaestus" col="olympiansCol">
								<info>This is where I would put information on Haphaestus.</info>
							</child>

						</child>
						<child name="Demeter" col="chaosCol">
							<info>This is where I would put information on Demeter.</info>
							<spouse name="Zeus" col="olympiansCol"/>
							<child name="Persephone" col="chaosCol">
								<info>This is where I would put information on Persephone.</info>
							</child>
						</child>
				</child>
				<child name="Coeus" col="titansCol">
					<info>This is where I would put information on Coeus.</info>
					<spouse name="Phoebe" col="titansCol"/>
					<child name="Leto" col="chaosCol">
						<info>This is where I would put information on Leto.</info>
						<spouse name="Zeus" col="olympiansCol"/>
						<child name="Apollo" col="olympiansCol">
							<info>This is where I would put information on Apollo.</info>
						</child>
						<child name="Artemis" col="olympiansCol">
							<info>This is where I would put information on Artemis.</info>
						</child>
					</child>
				</child>
				<child name="Oceanus" col="titansCol">
					<info>This is where I would put information on Oceanus.</info>
					<spouse name="Tethys" col="titansCol"/>
					<child name="Iapetus" col="titansCol">
						<info>This is where I would put information on Iapetus.</info>
						<child name="Atlas" col="titansCol">
							<info>This is where I would put information on Atlas.</info>
							<child name="Maia" col="chaosCol">
								<info>This is where I would put information on Maia.</info>
								<spouse name="Zeus" col="olympiansCol"/>
								<child name="Hermes" col="olympiansCol">
									<info>This is where I would put information on Hermes.</info>
								</child>
							</child>
						</child>
						<child name="Prometheus" col="titansCol">
							<info>This is where I would put information on Prometheus.</info>
						</child>
						<child name="Epimetheus" col="titansCol">
							<info>This is where I would put information on Epimetheus.</info>
							<child name="Dione" col="titansCol">
								<info>This is where I would put information on Dione.</info>
								<spouse name="Zeus" col="olympiansCol"/>
								<child name="Aphrodite" col="olympiansCol">
									<info>This is where I would put information on Aphrodite.</info>
								</child>
							</child>
						</child>
					</child>
				</child>
			</child>
			<child name="Mountains" col="chaosCol">
				<info>This is where I would put information on the Mountains.</info>
			</child>
			<child name="Pontus" col="chaosCol">
				<info>This is where I would put information on Pontus.</info>
			</child>
		</child>
		<child name="Tartarus" col="chaosCol">
			<info>This is where I would put information on Tartarus.</info>
		</child>
		<child name="Eros" col="chaosCol">
			<info>This is where I would put information on Eros.</info>
		</child>
		<child name="Erebus" col="chaosCol">
			<info>This is where I would put information on Erebus.</info>
		</child>
	</child>
</family>
</xml>