<?xml version="1.0" standalone="no"?>
<colors>
	<colorObject name="godsCol">
		<parameters ra="50" rb="32" ga="50" gb="-10" ba="50" bb="0"/>
		<connector color="0x471D27"/>
	</colorObject>
</colors>
<family>
	<child name="Ymir" col="godsCol">
		<info>This is where I would put information on Ymir.</info>
		<child name="Giants" col="godsCol">
			<info>This is where I would put information on the Giants.</info>
			<child name="Bestia" col="godsCol">
				<info>This is where I would put information on Bestia.</info>
				<spouse name="Bor" col="godsCol"/>
				<child name="Vili" col="godsCol">
					<info>This is where I would put information on Vili.</info>
				</child>
				<child name="Ve" col="godsCol">
					<info>This is where I would put information on Ve.</info>
				</child>
				<child name="Odin" col="godsCol">
					<info>This is where I would put information on Odinr.</info>
					<spouse name="Frigg" col="godsCol"/>
					<child name="Thor" col="godsCol">
						<info>This is where I would put information on Thor.</info>
						<spouse name="Sif" col="godsCol"/>
						<child name="Magni" col="godsCol">
							<info>This is where I would put information on Magni.</info>
						</child>
						<child name="Modi" col="godsCol">
							<info>This is where I would put information on Modi.</info>
						</child>
					</child>
					<child name="Balder" col="godsCol">
						<info>This is where I would put information on Balder.</info>
						<spouse name="Nana" col="godsCol"/>
						<child name="Forsetti" col="godsCol">
							<info>This is where I would put information on Forsetti.</info>
						</child>
					</child>
					<child name="Hoder" col="godsCol">
						<info>This is where I would put information on Hoder.</info>
					</child>
					<child name="Njord" col="godsCol">
						<info>This is where I would put information on Njord.</info>
						<spouse name="Skadi" col="godsCol"/>
						<child name="Freya" col="godsCol">
							<info>This is where I would put information on Freya.</info>
						</child>
						<child name="Freyr" col="godsCol">
							<info>This is where I would put information on Freyr.</info>
						</child>
					</child>
					<child name="Hermod" col="godsCol">
						<info>This is where I would put information on Hermod.</info>
					</child>
					<child name="Bragi" col="godsCol">
						<info>This is where I would put information on Bragi.</info>
						<spouse name="Idun" col="godsCol"/>
					</child>
					<child name="Tyr" col="godsCol">
						<info>This is where I would put information on Tyr.</info>
					</child>
					<child name="Heimdall" col="godsCol">
						<info>This is where I would put information on Heimdall.</info>
					</child>
				</child>
			</child>
			<child name="Loki" col="godsCol">
				<info>This is where I would put information on Loki.</info>
				<spouse name="Sigyn" col="godsCol"/>
				<child name="Narvi" col="godsCol">
					<info>This is where I would put information on Narvi.</info>
				</child>
				<child name="Vali" col="godsCol">
					<info>This is where I would put information on Vali.</info>
				</child>
				<child name="Hel" col="godsCol">
					<info>This is where I would put information on Hel.</info>
				</child>
				<child name="Fenris" col="godsCol">
					<info>This is where I would put information on Fenris.</info>
				</child>
			</child>		
		</child>
	</child>
</family>
</xml>