<cat name="Directors">
	<cat name="Carpenter">
		<cat name="Escape From New York">
			<cat name="Kurt Russell"/>
			<cat name="Lee Van Cleef"/>
			<cat name="Ernest Borgnine"/>
		</cat>
		<cat name="Assault on Precinct 13">
			<cat name="Austin Stoker"/>
			<cat name="Darwin Joston"/>
			<cat name="Laurie Zimmer"/>
		</cat>
		<cat name="The Fog">
			<cat name="Adrienne Barbeau"/>
			<cat name="Hal Holbrook"/>
			<cat name="Janet Leigh"/>
		</cat>
		<cat name="Ghosts of Mars">
			<cat name="Natasha Henstridge"/>
			<cat name="Ice Cube"/>
			<cat name="Jason Statham"/>
		</cat>
		<cat name="Vampires">
			<cat name="James Woods"/>
			<cat name="Daniel Baldwin"/>
			<cat name="Sheryl Lee"/>
		</cat>
		<cat name="They Live">
			<cat name="Roddie Piper"/>
			<cat name="Keith David"/>
			<cat name="Meg Foster"/>
		</cat>
		<cat name="The Thing">
			<cat name="Kurt Russell"/>
			<cat name="Wilford Brimley"/>
			<cat name="TK Carter"/>
		</cat>
	</cat>
	<cat name="Romero">
		<cat name="Martin">
			<cat name="John Amplas"/>
			<cat name="Lincoln Maazal"/>
			<cat name="Christina Forrest"/>
		</cat>
		<cat name="Dawn of the Dead">
			<cat name="David Emge"/>
			<cat name="Ken Foree"/>
			<cat name="Scott H Reininger"/>
		</cat>
		<cat name="The Crazies">
			<cat name="Lane Carroll"/>
			<cat name="WG McMillan"/>
			<cat name="Harold Wayne Jones"/>
		</cat>
		<cat name="Day of the Dead">
			<cat name="Lori Cardille"/>
			<cat name="Terry Alexander"/>
			<cat name="Joseph Pilato"/>
		</cat>
		<cat name="Night of the Living Dead">
			<cat name="Judith O'Dea"/>
			<cat name="Duane Jones"/>
			<cat name="Karl Hardman"/>
		</cat>
	</cat>
	<cat name="Argento">
		<cat name="Suspiria">
			<cat name="Jessica Harper"/>
			<cat name="Stephania Casini"/>
			<cat name="Flavio Bucci"/>
		</cat>
		<cat name="Deep Red">
			<cat name="David Hemmings"/>
			<cat name="Daria Nicolodi"/>
			<cat name="Gabriele Lavia"/>
		</cat>
		<cat name="Tenebrae">
			<cat name="Anthony Franciosa"/>
			<cat name="John Saxon"/>
			<cat name="Guiliamo Gemma"/>
		</cat>
		<cat name="Phenomena">
			<cat name="Jennifer Connelly"/>
			<cat name="Daria Nicolodi"/>
			<cat name="Donald Pleasance"/>
		</cat>
	</cat>
	<cat name="Verhoeven">
		<cat name="Basic Instinct">
			<cat name="Sharon Stone"/>
			<cat name="Michael Douglas"/>
			<cat name="Jeanne Tripplehorn"/>
		</cat>
		<cat name="Starship Troopers">
			<cat name="Casper Van Dien"/>
			<cat name="Dina Meyer"/>
			<cat name="Denise Richards"/>
		</cat>
		<cat name="Showgirls">
			<cat name="Kyle McLachlan"/>
			<cat name="Elizabeth Berkley"/>
			<cat name="Gina Gershon"/>
		</cat>
		<cat name="Robocop">
			<cat name="Peter Weller"/>
			<cat name="Nancy Allen"/>
			<cat name="Ronny Cox"/>
		</cat>
		<cat name="Total Recall">
			<cat name="Arnold Schwarzenegger"/>
			<cat name="Sharon Stone"/>
			<cat name="Rachel Ticotin"/>
		</cat>
	</cat>
	<cat name="Fuller">
		<cat name="Shock Corridor">
			<cat name="Peter Breck"/>
			<cat name="Constance Towers"/>
			<cat name="Gene Evans"/>
		</cat>
		<cat name="Pickup on South Street">
			<cat name="Richard Widmark"/>
			<cat name="Jean Peters"/>
			<cat name="Thelma Ritter"/>
		</cat>
		<cat name="Underworld USA">
			<cat name="Cliff Robertson"/>
			<cat name="Beatrice Kay"/>
			<cat name="Larry Gates"/>
		</cat>
	</cat>
</cat>
